Afghanistan	AFG
Albania	ALB
Algeria	ALG
American Samoa	ASA
Andorra	AND
Angola	ANG
Antigua and Barbuda	ANT
Argentina	ARG
Armenia	ARM
Aruba	ARU
Australia	AUS
Austria	AUT
Azerbaijan	AZE
Bahamas	BAH
Bahrain	BRN
Bangladesh	BAN
Barbados	BAR
Belarus	BLR
Belgium	BEL
Belize	BIZ
Benin	BEN
Bermuda	BER
Bhutan	BHU
Bolivia	BOL
Bosnia and Herzegovina	BIH
Botswana	BOT
Brazil	BRA
Brunei Darussalam	BRU
Bulgaria	BUL
Burkina Faso	BUR
Burundi	BDI
Cabo Verde	CPV
Cambodia	CAM
Cameroon	CMR
Canada	CAN
Cayman Islands	CAY
Central African Republic	CAF
Chad	CHA
Chile	CHI
People's Republic of China	CHN
Chinese Taipei	TPE
Colombia	COL
Comoros	COM
Congo	CGO
Democratic Republic of the Congo	COD
Cook Islands	COK
Costa Rica	CRC
Côte d'Ivoire	CIV
Croatia	CRO
Cuba	CUB
Cyprus	CYP
Czechia	CZE
Denmark	DEN
Djibouti	DJI
Dominica	DMA
Dominican Republic	DOM
Ecuador	ECU
Egypt	EGY
El Salvador	ESA
Equatorial Guinea	GEQ
Eritrea	ERI
Estonia	EST
Eswatini	SWZ
Ethiopia	ETH
Fiji	FIJ
Finland	FIN
France	FRA
Gabon	GAB
Gambia	GAM
Georgia	GEO
Germany	GER
Ghana	GHA
Great Britain	GBR
Greece	GRE
Grenada	GRN
Guam	GUM
Guatemala	GUA
Guinea	GUI
Guinea-Bissau	GBS
Guyana	GUY
Haiti	HAI
Honduras	HON
Hong Kong, China	HKG
Hope	HPE
Hungary	HUN
Iceland	ISL
India	IND
Indonesia	INA
Islamic Republic of Iran	IRI
Iraq	IRQ
Ireland	IRL
Israel	ISR
Italy	ITA
Jamaica	JAM
Japan	JPN
Jordan	JOR
Kazakhstan	KAZ
Kenya	KEN
Kiribati	KIR
Democratic People's Republic of Korea	PRK
Republic of Korea	KOR
Kosovo	KOS
Kuwait	KUW
Kyrgyzstan	KGZ
Lao People's Democratic Republic	LAO
Latvia	LAT
Lebanon	LBN
Lesotho	LES
Liberia	LBR
Libya	LBA
Liechtenstein	LIE
Lithuania	LTU
Luxembourg	LUX
Madagascar	MAD
Malawi	MAW
Malaysia	MAS
Maldives	MDV
Mali	MLI
Malta	MLT
Marshall Islands	MHL
Mauritania	MTN
Mauritius	MRI
Mexico	MEX
Federated States of Micronesia	FSM
Republic of Moldova	MDA
Monaco	MON
Mongolia	MGL
Montenegro	MNE
Morocco	MAR
Mozambique	MOZ
Myanmar	MYA
Namibia	NAM
Naoero	NRO
Nepal	NEP
Netherlands	NED
New Zealand	NZL
Nicaragua	NCA
Niger	NIG
Nigeria	NGR
North Macedonia	MKD
Norway	NOR
Oman	OMA
Pakistan	PAK
Palau	PLW
Palestine	PLE
Panama	PAN
Papua New Guinea	PNG
Paraguay	PAR
Peru	PER
Philippines	PHI
Poland	POL
Portugal	POR
Puerto Rico	PUR
Qatar	QAT
Romania	ROU
Russian Federation	RUS
Rwanda	RWA
Saint Kitts and Nevis	SKN
Saint Lucia	LCA
Saint Vincent and the Grenadines	VIN
Samoa	SAM
San Marino	SMR
São Tomé and Príncipe	STP
Saudi Arabia	KSA
Senegal	SEN
Serbia	SRB
Seychelles	SEY
Sierra Leone	SLE
Singapore	SGP
Slovakia	SVK
Slovenia	SLO
Solomon Islands	SOL
Somalia	SOM
South Africa	RSA
South Sudan	SSD
Spain	ESP
Sri Lanka	SRI
Sudan	SUD
Suriname	SUR
Sweden	SWE
Switzerland	SUI
Syrian Arab Republic	SYR
Tajikistan	TJK
United Republic of Tanzania	TAN
Thailand	THA
Timor-Leste	TLS
Togo	TOG
Tonga	TGA
Trinidad and Tobago	TTO
Tunisia	TUN
Türkiye	TUR
Turkmenistan	TKM
Tuvalu	TUV
Uganda	UGA
Ukraine	UKR
United Arab Emirates	UAE
United States of America	USA
Uruguay	URU
Uzbekistan	UZB
Vanuatu	VAN
Venezuela	VEN
Vietnam	VIE
British Virgin Islands	IVB
U.S. Virgin Islands	ISV
Yemen	YEM
Zambia	ZAM
Zimbabwe	ZIM
